{"filesMd5":[{"page":"/config/index.js","md5":"72625e2cbdfedf83b4aeed1f3bdbb2e6"},{"page":"/mediator/index.js","md5":"79b52422f23c5dbb4b2215918c86a645"},{"page":"/pages/demo/assets/index.js","md5":"84b72c16cda39d3886480c75d3ee0ba8"},{"page":"/pages/demo/bmcalendar/index.js","md5":"bf0f36aa6e2bc74dbdae2c412fe4d8a2"},{"page":"/pages/demo/bmchart/index.js","md5":"87dea4283f65d648049bddc7f0950df1"},{"page":"/pages/demo/bmrichtext/index.js","md5":"43b696c6b7cee64ec864594ecfa433f8"},{"page":"/pages/demo/event/a.js","md5":"f333176265301ac6e79412f3fcaa4987"},{"page":"/pages/demo/event/b.js","md5":"cea19682ab536573add13d57fe6803f9"},{"page":"/pages/demo/font/index.js","md5":"45201c62e1843f74153d04ab6384c094"},{"page":"/pages/demo/globalAttr/index.js","md5":"698c970470fcb16cfd569d4e9545e071"},{"page":"/pages/demo/image/index.js","md5":"21fedc10a404ba9b6dc6e076174bf901"},{"page":"/pages/demo/inputExtend/index.js","md5":"b4cbb1514d2743bfacd2051f2357dcf8"},{"page":"/pages/demo/index.js","md5":"f7ca10a3840de50c86e414e5e2ea548c"},{"page":"/pages/demo/lifecycle/index.js","md5":"a6e35f76a28a893400602e4e416fc13a"},{"page":"/pages/demo/notice/index.js","md5":"b5c931c9e5a90c516fe49366eaad6c68"},{"page":"/pages/demo/other/bindingx.js","md5":"33465c85044aa6fb3ad91b29105b7a19"},{"page":"/pages/demo/refresh/index.js","md5":"f18fe1dae9e238a3e91897b4ff42439a"},{"page":"/pages/demo/other/weexui.js","md5":"069c5efafae29e831f2a282d3bd3e405"},{"page":"/pages/demo/router/home.js","md5":"da4a0340ce3dbe188019eb25e80bda2c"},{"page":"/pages/demo/router/index.js","md5":"02ed65a460352282022ba9a0ac112af5"},{"page":"/pages/oa/test.js","md5":"9acac9845e3e3cf8cdb6b9c3a90e71a7"},{"page":"/pages/demo/storage/index.js","md5":"60dcebdc0bd3bc87f986b61e1369a949"},{"page":"/iconfont/font_1469606063_76593.ttf","md5":"7f64b407dbb118b2bf74aae8488f115e"},{"page":"/iconfont/font_1469606522_9417143.woff","md5":"815be396a2edc810e9daab7eaf94b32e"},{"page":"/iconfont/font_zn5b3jswpofuhaor.ttf","md5":"be67220b1b872c2cba30a35787131d99"},{"page":"/iconfont/iconfont-eros.ttf","md5":"0b8ba2bdcd441231144cb9391e472e08"},{"page":"/iconfont/iconfont.ttf","md5":"fcfd6fc55b5308c896fadc1c08c4b1b0"},{"page":"/assets/demo.jpg","md5":"ccda4109b98125891d8febd85d78a9de"}],"android":"0.0.1","iOS":"0.0.1","appName":"oa","jsVersion":"22db73742954102a02097a0869da8341","timestamp":1522116567918,"jsPath":"https://app.weex-eros.com/source"}
